cell_id,date,text
CELL-00,2026-04-01,"Bidder-C latency alert auto-resolved in 5 min, no impact"
CELL-00,2026-04-07,"Bidder-G timeout spike cleared, no impact on fill"
CELL-00,2026-04-14,"Deploy v2.30 rolled out, no change in bid flow"
CELL-00,2026-04-16,"Bidder-D bid rate looks a bit low, keeping an eye on it"
CELL-00,2026-06-09,New ops dashboard link shared in channel
CELL-00,2026-06-20,New ops dashboard link shared in channel
CELL-00,2026-06-21,New ops dashboard link shared in channel
CELL-00,2026-07-03,"Bidder-G timeout spike cleared, no impact on fill"
CELL-00,2026-07-04,Reminder: update sprint tickets
CELL-00,2026-07-11,Invoice reconciliation for last month done
CELL-00,2026-07-12,"Bidder-C latency alert auto-resolved in 5 min, no impact"
CELL-00,2026-07-16,"Deploy v2.26 rolled out, no change in bid flow"
CELL-00,2026-08-14,Invoice reconciliation for last month done
CELL-00,2026-08-19,"Bidder-A bid rate looks a bit low, keeping an eye on it"
CELL-00,2026-08-29,"Bidder-D latency alert auto-resolved in 5 min, no impact"
CELL-00,2026-08-30,Weekly sync moved to 4pm
CELL-00,2026-09-02,"Big festive sale traffic expected tomorrow, buyers ramping spend"
CELL-00,2026-09-03,New ops dashboard link shared in channel
CELL-00,2026-09-04,New ops dashboard link shared in channel
CELL-00,2026-09-07,"Big cricket final traffic expected tomorrow, buyers ramping spend"
CELL-00,2026-09-08,Reminder: update sprint tickets
CELL-00,2026-09-11,"Bidder-H latency alert auto-resolved in 5 min, no impact"
CELL-00,2026-09-11,Invoice reconciliation for last month done
CELL-00,2026-09-15,Reminder: update sprint tickets
CELL-00,2026-09-16,"Bidder-D bid rate looks a bit low, keeping an eye on it"
CELL-00,2026-09-16,Weekly sync moved to 4pm
CELL-00,2026-09-19,Reminder: update sprint tickets
CELL-00,2026-09-24,"festive sale campaign goes live tomorrow, expect higher demand"
CELL-01,2026-04-07,"Bidder-H has gone quiet since morning, checking with their AM"
CELL-01,2026-04-12,"Deploy v2.39 rolled out, no change in bid flow"
CELL-01,2026-04-23,"Bidder-F latency alert auto-resolved in 5 min, no impact"
CELL-01,2026-05-01,"Seeing timeouts on Bidder-C, monitoring"
CELL-01,2026-05-08,"Bidder-C latency alert auto-resolved in 5 min, no impact"
CELL-01,2026-05-12,"Demand partner Bidder-H not bidding today, support ticket open"
CELL-01,2026-05-13,Reminder: update sprint tickets
CELL-01,2026-05-13,"cricket final campaign goes live tomorrow, expect higher demand"
CELL-01,2026-05-17,Invoice reconciliation for last month done
CELL-01,2026-05-20,Invoice reconciliation for last month done
CELL-01,2026-05-21,New ops dashboard link shared in channel
CELL-01,2026-05-30,Weekly sync moved to 4pm
CELL-01,2026-06-04,"Bidder-E timeout spike cleared, no impact on fill"
CELL-01,2026-06-06,Reminder: update sprint tickets
CELL-01,2026-06-11,"Bidder-B timeout spike cleared, no impact on fill"
CELL-01,2026-06-12,Reminder: update sprint tickets
CELL-01,2026-06-16,"ClickHouse ingestion lag, today numbers incomplete, backfill pending"
CELL-01,2026-06-18,"Bidder-F paused by their side, timeouts across our placements"
CELL-01,2026-06-30,Weekly sync moved to 4pm
CELL-01,2026-07-02,New ops dashboard link shared in channel
CELL-01,2026-07-03,Invoice reconciliation for last month done
CELL-01,2026-07-09,New ops dashboard link shared in channel
CELL-01,2026-07-17,Invoice reconciliation for last month done
CELL-01,2026-07-20,"Bidder-D latency alert auto-resolved in 5 min, no impact"
CELL-01,2026-07-29,Invoice reconciliation for last month done
CELL-01,2026-07-30,Weekly sync moved to 4pm
CELL-01,2026-08-04,Invoice reconciliation for last month done
CELL-01,2026-08-11,Weekly sync moved to 4pm
CELL-01,2026-08-12,"Bidder-D latency alert auto-resolved in 5 min, no impact"
CELL-01,2026-08-17,"Seeing timeouts on Bidder-B, monitoring"
CELL-01,2026-08-20,Reminder: update sprint tickets
CELL-01,2026-08-24,Invoice reconciliation for last month done
CELL-01,2026-08-26,"Seeing timeouts on Bidder-A, monitoring"
CELL-01,2026-08-26,New ops dashboard link shared in channel
CELL-01,2026-09-04,"Deploy v2.11 rolled out, no change in bid flow"
CELL-01,2026-09-08,"ClickHouse ingestion lag, today numbers incomplete, backfill pending"
CELL-01,2026-09-13,"Deploy v2.21 rolled out, no change in bid flow"
CELL-01,2026-09-17,Weekly sync moved to 4pm
CELL-01,2026-09-24,Invoice reconciliation for last month done
CELL-01,2026-09-25,"Deploy v2.45 rolled out, no change in bid flow"
CELL-01,2026-09-25,Reminder: update sprint tickets
CELL-02,2026-04-05,New ops dashboard link shared in channel
CELL-02,2026-04-11,"Bidder-D timeout spike cleared, no impact on fill"
CELL-02,2026-04-11,Weekly sync moved to 4pm
CELL-02,2026-04-15,New ops dashboard link shared in channel
CELL-02,2026-04-24,Reminder: update sprint tickets
CELL-02,2026-05-11,Invoice reconciliation for last month done
CELL-02,2026-05-17,Weekly sync moved to 4pm
CELL-02,2026-05-22,"Bidder-E timeout spike cleared, no impact on fill"
CELL-02,2026-05-24,Reminder: update sprint tickets
CELL-02,2026-05-30,"Big cricket final traffic expected tomorrow, buyers ramping spend"
CELL-02,2026-06-12,"IPL match campaign goes live tomorrow, expect higher demand"
CELL-02,2026-06-13,Weekly sync moved to 4pm
CELL-02,2026-06-16,"Bidder-B endpoint returning 5xx since 7:00, bid responses down"
CELL-02,2026-06-17,"Bidder-D timeout spike cleared, no impact on fill"
CELL-02,2026-06-23,New ops dashboard link shared in channel
CELL-02,2026-06-26,"Seeing timeouts on Bidder-F, monitoring"
CELL-02,2026-07-03,"Bidder-G latency alert auto-resolved in 5 min, no impact"
CELL-02,2026-07-07,"Bidder-F bid rate looks a bit low, keeping an eye on it"
CELL-02,2026-07-12,"Deploy v2.58 rolled out, no change in bid flow"
CELL-02,2026-07-16,New ops dashboard link shared in channel
CELL-02,2026-07-21,"Deploy v2.50 rolled out, no change in bid flow"
CELL-02,2026-07-22,"Deploy v2.15 rolled out, no change in bid flow"
CELL-02,2026-08-08,New ops dashboard link shared in channel
CELL-02,2026-08-12,"Bidder-B latency alert auto-resolved in 5 min, no impact"
CELL-02,2026-09-05,"Bidder-F timeout spike cleared, no impact on fill"
CELL-02,2026-09-08,Reminder: update sprint tickets
CELL-02,2026-09-09,Invoice reconciliation for last month done
CELL-02,2026-09-10,"Deploy v2.22 rolled out, no change in bid flow"
CELL-02,2026-09-10,Weekly sync moved to 4pm
CELL-02,2026-09-11,"Bidder-E paused by their side, timeouts across our placements"
CELL-02,2026-09-15,"Bidder-E bid rate looks a bit low, keeping an eye on it"
CELL-02,2026-09-20,Invoice reconciliation for last month done
CELL-03,2026-06-26,"New buyer onboarded on Bidder-G, seats ramping"
CELL-03,2026-04-16,"Seeing timeouts on Bidder-E, monitoring"
CELL-03,2026-04-22,New ops dashboard link shared in channel
CELL-03,2026-04-26,"Bidder-E latency alert auto-resolved in 5 min, no impact"
CELL-03,2026-05-01,New ops dashboard link shared in channel
CELL-03,2026-05-01,"Big festive sale traffic expected tomorrow, buyers ramping spend"
CELL-03,2026-05-13,Invoice reconciliation for last month done
CELL-03,2026-05-14,Weekly sync moved to 4pm
CELL-03,2026-05-18,Weekly sync moved to 4pm
CELL-03,2026-05-28,Weekly sync moved to 4pm
CELL-03,2026-06-06,Reminder: update sprint tickets
CELL-03,2026-06-07,Invoice reconciliation for last month done
CELL-03,2026-06-09,Invoice reconciliation for last month done
CELL-03,2026-06-12,Reminder: update sprint tickets
CELL-03,2026-06-18,New ops dashboard link shared in channel
CELL-03,2026-06-22,New ops dashboard link shared in channel
CELL-03,2026-06-23,"Deploy v2.33 rolled out, no change in bid flow"
CELL-03,2026-06-30,"Bidder-D latency alert auto-resolved in 5 min, no impact"
CELL-03,2026-07-03,Weekly sync moved to 4pm
CELL-03,2026-07-12,Reminder: update sprint tickets
CELL-03,2026-07-16,New ops dashboard link shared in channel
CELL-03,2026-07-27,"Bidder-E bid rate looks a bit low, keeping an eye on it"
CELL-03,2026-07-28,"Bidder-H latency alert auto-resolved in 5 min, no impact"
CELL-03,2026-08-12,"Bidder-H latency alert auto-resolved in 5 min, no impact"
CELL-03,2026-08-16,"Bidder-C bid rate looks a bit low, keeping an eye on it"
CELL-03,2026-08-25,"ClickHouse ingestion lag, today numbers incomplete, backfill pending"
CELL-03,2026-09-02,"ClickHouse ingestion lag, today numbers incomplete, backfill pending"
CELL-03,2026-09-18,"Bidder-B latency alert auto-resolved in 5 min, no impact"
CELL-03,2026-09-25,New ops dashboard link shared in channel
CELL-04,2026-04-03,"Deploy v2.45 rolled out, no change in bid flow"
CELL-04,2026-04-06,"Bidder-D latency alert auto-resolved in 5 min, no impact"
CELL-04,2026-04-14,New ops dashboard link shared in channel
CELL-04,2026-04-15,Reminder: update sprint tickets
CELL-04,2026-05-04,Reminder: update sprint tickets
CELL-04,2026-05-06,"Bidder-F bid rate looks a bit low, keeping an eye on it"
CELL-04,2026-05-07,New ops dashboard link shared in channel
CELL-04,2026-05-09,"Reporting pipeline delayed, impression counts for yesterday look short"
CELL-04,2026-05-23,New ops dashboard link shared in channel
CELL-04,2026-05-24,"Bidder-D timeout spike cleared, no impact on fill"
CELL-04,2026-06-03,Reminder: update sprint tickets
CELL-04,2026-06-08,New ops dashboard link shared in channel
CELL-04,2026-07-05,Weekly sync moved to 4pm
CELL-04,2026-07-09,New ops dashboard link shared in channel
CELL-04,2026-07-21,Invoice reconciliation for last month done
CELL-04,2026-07-23,Invoice reconciliation for last month done
CELL-04,2026-07-28,Weekly sync moved to 4pm
CELL-04,2026-08-03,"Bidder-A bid rate looks a bit low, keeping an eye on it"
CELL-04,2026-08-12,"Seeing timeouts on Bidder-D, monitoring"
CELL-04,2026-08-16,"Seeing timeouts on Bidder-H, monitoring"
CELL-04,2026-08-25,"ClickHouse ingestion lag, today numbers incomplete, backfill pending"
CELL-04,2026-08-26,Reminder: update sprint tickets
CELL-04,2026-08-30,Reminder: update sprint tickets
CELL-04,2026-09-04,Reminder: update sprint tickets
CELL-04,2026-09-05,Invoice reconciliation for last month done
CELL-04,2026-09-08,"Deploy v2.44 rolled out, no change in bid flow"
CELL-04,2026-09-16,New ops dashboard link shared in channel
CELL-04,2026-09-22,"Bidder-G timeout spike cleared, no impact on fill"
CELL-04,2026-09-27,Invoice reconciliation for last month done
CELL-05,2026-04-02,New ops dashboard link shared in channel
CELL-05,2026-04-05,"Deploy v2.46 rolled out, no change in bid flow"
CELL-05,2026-04-14,Invoice reconciliation for last month done
CELL-05,2026-04-15,New ops dashboard link shared in channel
CELL-05,2026-04-20,New ops dashboard link shared in channel
CELL-05,2026-04-22,Weekly sync moved to 4pm
CELL-05,2026-04-27,"Bidder-H timeout spike cleared, no impact on fill"
CELL-05,2026-05-03,"ClickHouse ingestion lag, today numbers incomplete, backfill pending"
CELL-05,2026-05-08,"Deploy v2.44 rolled out, no change in bid flow"
CELL-05,2026-05-17,"Bidder-A latency alert auto-resolved in 5 min, no impact"
CELL-05,2026-05-23,"Bidder-B latency alert auto-resolved in 5 min, no impact"
CELL-05,2026-05-27,"Bidder-G has gone quiet since morning, checking with their AM"
CELL-05,2026-06-04,"Bidder-E timeout spike cleared, no impact on fill"
CELL-05,2026-06-09,Invoice reconciliation for last month done
CELL-05,2026-06-19,Reminder: update sprint tickets
CELL-05,2026-06-24,"Deploy v2.24 rolled out, no change in bid flow"
CELL-05,2026-07-11,"Deploy v2.26 rolled out, no change in bid flow"
CELL-05,2026-07-12,"IPL match campaign goes live tomorrow, expect higher demand"
CELL-05,2026-07-15,"Big election results traffic expected tomorrow, buyers ramping spend"
CELL-05,2026-07-17,Weekly sync moved to 4pm
CELL-05,2026-07-21,Weekly sync moved to 4pm
CELL-05,2026-07-27,Invoice reconciliation for last month done
CELL-05,2026-08-02,New ops dashboard link shared in channel
CELL-05,2026-08-26,New ops dashboard link shared in channel
CELL-05,2026-08-30,New ops dashboard link shared in channel
CELL-05,2026-09-04,"Big festive sale traffic expected tomorrow, buyers ramping spend"
CELL-05,2026-09-07,"Bidder-C bid rate looks a bit low, keeping an eye on it"
CELL-05,2026-09-09,"election results campaign goes live tomorrow, expect higher demand"
CELL-05,2026-09-14,"Bidder-A latency alert auto-resolved in 5 min, no impact"
CELL-05,2026-09-16,Weekly sync moved to 4pm
CELL-05,2026-09-22,Reminder: update sprint tickets
CELL-06,2026-06-29,"New buyer onboarded on Bidder-A, seats ramping"
CELL-06,2026-05-02,"Deploy v2.58 rolled out, no change in bid flow"
CELL-06,2026-05-03,Weekly sync moved to 4pm
CELL-06,2026-05-11,Reminder: update sprint tickets
CELL-06,2026-05-12,Invoice reconciliation for last month done
CELL-06,2026-05-17,Weekly sync moved to 4pm
CELL-06,2026-05-22,New ops dashboard link shared in channel
CELL-06,2026-06-04,"Bidder-A timeout spike cleared, no impact on fill"
CELL-06,2026-06-06,New ops dashboard link shared in channel
CELL-06,2026-06-10,New ops dashboard link shared in channel
CELL-06,2026-06-15,"Reporting pipeline delayed, impression counts for yesterday look short"
CELL-06,2026-06-25,Invoice reconciliation for last month done
CELL-06,2026-06-28,Invoice reconciliation for last month done
CELL-06,2026-06-29,"Seeing timeouts on Bidder-B, monitoring"
CELL-06,2026-07-01,Invoice reconciliation for last month done
CELL-06,2026-07-08,Reminder: update sprint tickets
CELL-06,2026-07-12,"ClickHouse ingestion lag, today numbers incomplete, backfill pending"
CELL-06,2026-07-18,Reminder: update sprint tickets
CELL-06,2026-07-22,"Big festive sale traffic expected tomorrow, buyers ramping spend"
CELL-06,2026-07-26,"Seeing timeouts on Bidder-D, monitoring"
CELL-06,2026-07-26,Invoice reconciliation for last month done
CELL-06,2026-07-31,Weekly sync moved to 4pm
CELL-06,2026-08-07,Weekly sync moved to 4pm
CELL-06,2026-08-14,Weekly sync moved to 4pm
CELL-06,2026-08-22,"Reporting pipeline delayed, impression counts for yesterday look short"
CELL-06,2026-08-25,Reminder: update sprint tickets
CELL-06,2026-08-30,"ClickHouse ingestion lag, today numbers incomplete, backfill pending"
CELL-06,2026-08-30,"Bidder-D bid rate looks a bit low, keeping an eye on it"
CELL-06,2026-09-07,"Demand partner Bidder-B not bidding today, support ticket open"
CELL-06,2026-09-14,Reminder: update sprint tickets
CELL-06,2026-09-24,New ops dashboard link shared in channel
CELL-06,2026-09-26,"festive sale campaign goes live tomorrow, expect higher demand"
CELL-07,2026-04-17,Reminder: update sprint tickets
CELL-07,2026-04-24,Reminder: update sprint tickets
CELL-07,2026-04-30,"Bidder-D paused by their side, timeouts across our placements"
CELL-07,2026-05-02,"Deploy v2.34 rolled out, no change in bid flow"
CELL-07,2026-05-04,Invoice reconciliation for last month done
CELL-07,2026-05-19,"Seeing timeouts on Bidder-G, monitoring"
CELL-07,2026-05-21,"Deploy v2.45 rolled out, no change in bid flow"
CELL-07,2026-06-11,New ops dashboard link shared in channel
CELL-07,2026-06-18,"Bidder-B bid rate looks a bit low, keeping an eye on it"
CELL-07,2026-06-21,Reminder: update sprint tickets
CELL-07,2026-06-22,"Deploy v2.50 rolled out, no change in bid flow"
CELL-07,2026-06-23,Invoice reconciliation for last month done
CELL-07,2026-07-01,"Bidder-F latency alert auto-resolved in 5 min, no impact"
CELL-07,2026-07-05,"ClickHouse ingestion lag, today numbers incomplete, backfill pending"
CELL-07,2026-07-07,Reminder: update sprint tickets
CELL-07,2026-07-12,Reminder: update sprint tickets
CELL-07,2026-07-16,"Bidder-G has gone quiet since morning, checking with their AM"
CELL-07,2026-07-27,"Bidder-F bid rate looks a bit low, keeping an eye on it"
CELL-07,2026-07-29,Invoice reconciliation for last month done
CELL-07,2026-07-30,"Deploy v2.52 rolled out, no change in bid flow"
CELL-07,2026-07-31,Reminder: update sprint tickets
CELL-07,2026-08-04,"Seeing timeouts on Bidder-G, monitoring"
CELL-07,2026-08-06,"Bidder-D endpoint returning 5xx since 5:00, bid responses down"
CELL-07,2026-08-11,"Bidder-G latency alert auto-resolved in 5 min, no impact"
CELL-07,2026-08-15,Reminder: update sprint tickets
CELL-07,2026-08-30,New ops dashboard link shared in channel
CELL-07,2026-09-10,New ops dashboard link shared in channel
CELL-07,2026-09-11,"Bidder-C latency alert auto-resolved in 5 min, no impact"
CELL-07,2026-09-20,"Bidder-G latency alert auto-resolved in 5 min, no impact"
CELL-07,2026-09-21,"ClickHouse ingestion lag, today numbers incomplete, backfill pending"
CELL-07,2026-09-24,"Seeing timeouts on Bidder-C, monitoring"
CELL-07,2026-09-26,Weekly sync moved to 4pm
CELL-08,2026-08-10,"New buyer onboarded on Bidder-B, seats ramping"
CELL-08,2026-04-07,"Bidder-B timeout spike cleared, no impact on fill"
CELL-08,2026-04-08,New ops dashboard link shared in channel
CELL-08,2026-04-13,"Seeing timeouts on Bidder-G, monitoring"
CELL-08,2026-04-15,"Seeing timeouts on Bidder-H, monitoring"
CELL-08,2026-04-18,"Deploy v2.16 rolled out, no change in bid flow"
CELL-08,2026-04-25,Weekly sync moved to 4pm
CELL-08,2026-04-26,"Deploy v2.46 rolled out, no change in bid flow"
CELL-08,2026-05-12,"ClickHouse ingestion lag, today numbers incomplete, backfill pending"
CELL-08,2026-05-14,Weekly sync moved to 4pm
CELL-08,2026-05-15,Invoice reconciliation for last month done
CELL-08,2026-05-20,New ops dashboard link shared in channel
CELL-08,2026-05-22,Invoice reconciliation for last month done
CELL-08,2026-05-25,"Bidder-C latency alert auto-resolved in 5 min, no impact"
CELL-08,2026-05-26,Weekly sync moved to 4pm
CELL-08,2026-07-09,New ops dashboard link shared in channel
CELL-08,2026-07-16,"Bidder-F timeout spike cleared, no impact on fill"
CELL-08,2026-07-30,"election results campaign goes live tomorrow, expect higher demand"
CELL-08,2026-08-03,New ops dashboard link shared in channel
CELL-08,2026-08-18,"Deploy v2.43 rolled out, no change in bid flow"
CELL-08,2026-08-30,Weekly sync moved to 4pm
CELL-08,2026-09-02,"Deploy v2.55 rolled out, no change in bid flow"
CELL-08,2026-09-10,"Seeing timeouts on Bidder-H, monitoring"
CELL-08,2026-09-16,Reminder: update sprint tickets
CELL-08,2026-09-17,"Bidder-D latency alert auto-resolved in 5 min, no impact"
CELL-08,2026-09-17,"Seeing timeouts on Bidder-F, monitoring"
CELL-08,2026-09-18,"Demand partner Bidder-D not bidding today, support ticket open"
CELL-08,2026-09-23,"Deploy v2.49 rolled out, no change in bid flow"
CELL-09,2026-04-10,"Big cricket final traffic expected tomorrow, buyers ramping spend"
CELL-09,2026-04-15,"Seeing timeouts on Bidder-D, monitoring"
CELL-09,2026-04-21,"Bidder-F latency alert auto-resolved in 5 min, no impact"
CELL-09,2026-05-06,"Bidder-G latency alert auto-resolved in 5 min, no impact"
CELL-09,2026-05-07,Weekly sync moved to 4pm
CELL-09,2026-05-11,New ops dashboard link shared in channel
CELL-09,2026-05-13,Reminder: update sprint tickets
CELL-09,2026-05-16,"Deploy v2.53 rolled out, no change in bid flow"
CELL-09,2026-05-17,Invoice reconciliation for last month done
CELL-09,2026-05-22,Reminder: update sprint tickets
CELL-09,2026-06-19,"Bidder-G latency alert auto-resolved in 5 min, no impact"
CELL-09,2026-06-21,Reminder: update sprint tickets
CELL-09,2026-06-25,New ops dashboard link shared in channel
CELL-09,2026-06-27,"Bidder-D latency alert auto-resolved in 5 min, no impact"
CELL-09,2026-07-19,Reminder: update sprint tickets
CELL-09,2026-07-25,Invoice reconciliation for last month done
CELL-09,2026-07-26,Reminder: update sprint tickets
CELL-09,2026-07-27,"Big cricket final traffic expected tomorrow, buyers ramping spend"
CELL-09,2026-07-31,"Deploy v2.16 rolled out, no change in bid flow"
CELL-09,2026-08-01,"Deploy v2.37 rolled out, no change in bid flow"
CELL-09,2026-08-02,"Bidder-C timeout spike cleared, no impact on fill"
CELL-09,2026-08-05,Weekly sync moved to 4pm
CELL-09,2026-08-08,Invoice reconciliation for last month done
CELL-09,2026-08-21,"Deploy v2.19 rolled out, no change in bid flow"
CELL-09,2026-08-21,New ops dashboard link shared in channel
CELL-09,2026-08-26,New ops dashboard link shared in channel
CELL-09,2026-09-12,"Bidder-F latency alert auto-resolved in 5 min, no impact"
CELL-09,2026-09-14,Weekly sync moved to 4pm
CELL-09,2026-09-17,"Bidder-E timeout spike cleared, no impact on fill"
CELL-10,2026-04-02,Invoice reconciliation for last month done
CELL-10,2026-04-08,"Seeing timeouts on Bidder-E, monitoring"
CELL-10,2026-04-14,"Bidder-B timeout spike cleared, no impact on fill"
CELL-10,2026-04-16,"Reporting pipeline delayed, impression counts for yesterday look short"
CELL-10,2026-04-23,Invoice reconciliation for last month done
CELL-10,2026-04-27,"Bidder-A bid rate looks a bit low, keeping an eye on it"
CELL-10,2026-05-06,"Big election results traffic expected tomorrow, buyers ramping spend"
CELL-10,2026-05-09,Invoice reconciliation for last month done
CELL-10,2026-05-15,"Bidder-B paused by their side, timeouts across our placements"
CELL-10,2026-05-18,"Demand partner Bidder-B not bidding today, support ticket open"
CELL-10,2026-05-24,New ops dashboard link shared in channel
CELL-10,2026-05-30,"Bidder-B latency alert auto-resolved in 5 min, no impact"
CELL-10,2026-06-04,Weekly sync moved to 4pm
CELL-10,2026-06-14,"Seeing timeouts on Bidder-H, monitoring"
CELL-10,2026-06-15,"Demand partner Bidder-H not bidding today, support ticket open"
CELL-10,2026-06-22,Reminder: update sprint tickets
CELL-10,2026-06-25,"Big cricket final traffic expected tomorrow, buyers ramping spend"
CELL-10,2026-06-27,Weekly sync moved to 4pm
CELL-10,2026-06-28,"Deploy v2.10 rolled out, no change in bid flow"
CELL-10,2026-07-04,Reminder: update sprint tickets
CELL-10,2026-07-06,Invoice reconciliation for last month done
CELL-10,2026-07-12,Invoice reconciliation for last month done
CELL-10,2026-07-14,"Seeing timeouts on Bidder-A, monitoring"
CELL-10,2026-07-29,"Deploy v2.42 rolled out, no change in bid flow"
CELL-10,2026-07-31,Invoice reconciliation for last month done
CELL-10,2026-08-05,"Bidder-B bid rate looks a bit low, keeping an eye on it"
CELL-10,2026-08-05,Invoice reconciliation for last month done
CELL-10,2026-08-05,"Big election results traffic expected tomorrow, buyers ramping spend"
CELL-10,2026-08-08,"Deploy v2.37 rolled out, no change in bid flow"
CELL-10,2026-08-22,Reminder: update sprint tickets
CELL-10,2026-08-28,Invoice reconciliation for last month done
CELL-10,2026-08-31,Invoice reconciliation for last month done
CELL-10,2026-09-04,Weekly sync moved to 4pm
CELL-10,2026-09-13,"Bidder-C latency alert auto-resolved in 5 min, no impact"
CELL-10,2026-09-24,New ops dashboard link shared in channel
CELL-11,2026-04-12,Invoice reconciliation for last month done
CELL-11,2026-04-13,"Reporting pipeline delayed, impression counts for yesterday look short"
CELL-11,2026-04-14,"Deploy v2.13 rolled out, no change in bid flow"
CELL-11,2026-04-16,New ops dashboard link shared in channel
CELL-11,2026-05-02,"Bidder-A latency alert auto-resolved in 5 min, no impact"
CELL-11,2026-05-02,Reminder: update sprint tickets
CELL-11,2026-05-12,Invoice reconciliation for last month done
CELL-11,2026-05-14,New ops dashboard link shared in channel
CELL-11,2026-05-16,Invoice reconciliation for last month done
CELL-11,2026-05-22,"Bidder-F paused by their side, timeouts across our placements"
CELL-11,2026-05-22,Invoice reconciliation for last month done
CELL-11,2026-05-23,New ops dashboard link shared in channel
CELL-11,2026-05-29,Invoice reconciliation for last month done
CELL-11,2026-06-01,"Bidder-C timeout spike cleared, no impact on fill"
CELL-11,2026-06-07,"Bidder-F latency alert auto-resolved in 5 min, no impact"
CELL-11,2026-06-07,Invoice reconciliation for last month done
CELL-11,2026-06-12,"Bidder-A paused by their side, timeouts across our placements"
CELL-11,2026-06-27,"Bidder-F bid rate looks a bit low, keeping an eye on it"
CELL-11,2026-06-29,Weekly sync moved to 4pm
CELL-11,2026-07-21,Invoice reconciliation for last month done
CELL-11,2026-07-31,"Deploy v2.16 rolled out, no change in bid flow"
CELL-11,2026-08-09,"Bidder-B latency alert auto-resolved in 5 min, no impact"
CELL-11,2026-08-19,"Seeing timeouts on Bidder-B, monitoring"
CELL-11,2026-08-23,"Bidder-C latency alert auto-resolved in 5 min, no impact"
CELL-11,2026-08-24,"Bidder-E latency alert auto-resolved in 5 min, no impact"
CELL-11,2026-08-27,New ops dashboard link shared in channel
CELL-11,2026-09-02,"Bidder-D bid rate looks a bit low, keeping an eye on it"
CELL-11,2026-09-04,New ops dashboard link shared in channel
CELL-11,2026-09-10,Reminder: update sprint tickets
CELL-11,2026-09-20,Weekly sync moved to 4pm
CELL-11,2026-09-23,"ClickHouse ingestion lag, today numbers incomplete, backfill pending"
CELL-11,2026-09-23,Invoice reconciliation for last month done
CELL-11,2026-09-25,Invoice reconciliation for last month done
CELL-12,2026-07-28,"New buyer onboarded on Bidder-B, seats ramping"
CELL-12,2026-04-02,Weekly sync moved to 4pm
CELL-12,2026-04-02,"Big cricket final traffic expected tomorrow, buyers ramping spend"
CELL-12,2026-04-08,New ops dashboard link shared in channel
CELL-12,2026-04-14,Reminder: update sprint tickets
CELL-12,2026-04-17,New ops dashboard link shared in channel
CELL-12,2026-05-01,"Bidder-F timeout spike cleared, no impact on fill"
CELL-12,2026-05-07,New ops dashboard link shared in channel
CELL-12,2026-05-16,Invoice reconciliation for last month done
CELL-12,2026-05-18,"Bidder-G timeout spike cleared, no impact on fill"
CELL-12,2026-06-05,"Big IPL match traffic expected tomorrow, buyers ramping spend"
CELL-12,2026-06-07,"Bidder-E timeout spike cleared, no impact on fill"
CELL-12,2026-06-09,Reminder: update sprint tickets
CELL-12,2026-06-20,"Bidder-H endpoint returning 5xx since 7:00, bid responses down"
CELL-12,2026-06-19,"Seeing timeouts on Bidder-A, monitoring"
CELL-12,2026-06-20,"Reporting pipeline delayed, impression counts for yesterday look short"
CELL-12,2026-06-23,New ops dashboard link shared in channel
CELL-12,2026-06-24,"Bidder-D bid rate looks a bit low, keeping an eye on it"
CELL-12,2026-06-28,"Seeing timeouts on Bidder-B, monitoring"
CELL-12,2026-07-20,"Bidder-D latency alert auto-resolved in 5 min, no impact"
CELL-12,2026-07-29,Reminder: update sprint tickets
CELL-12,2026-08-03,"Deploy v2.38 rolled out, no change in bid flow"
CELL-12,2026-08-09,Weekly sync moved to 4pm
CELL-12,2026-08-15,Weekly sync moved to 4pm
CELL-12,2026-09-02,"Deploy v2.17 rolled out, no change in bid flow"
CELL-12,2026-09-26,"Deploy v2.15 rolled out, no change in bid flow"
CELL-13,2026-04-01,Invoice reconciliation for last month done
CELL-13,2026-04-05,"Bidder-A timeout spike cleared, no impact on fill"
CELL-13,2026-04-20,New ops dashboard link shared in channel
CELL-13,2026-04-28,"ClickHouse ingestion lag, today numbers incomplete, backfill pending"
CELL-13,2026-05-14,"Bidder-D latency alert auto-resolved in 5 min, no impact"
CELL-13,2026-05-19,Invoice reconciliation for last month done
CELL-13,2026-05-23,New ops dashboard link shared in channel
CELL-13,2026-05-30,"Reporting pipeline delayed, impression counts for yesterday look short"
CELL-13,2026-06-17,New ops dashboard link shared in channel
CELL-13,2026-06-19,Weekly sync moved to 4pm
CELL-13,2026-06-30,New ops dashboard link shared in channel
CELL-13,2026-07-03,Invoice reconciliation for last month done
CELL-13,2026-07-28,"Bidder-B timeout spike cleared, no impact on fill"
CELL-13,2026-07-29,Invoice reconciliation for last month done
CELL-13,2026-08-04,Weekly sync moved to 4pm
CELL-13,2026-08-11,Weekly sync moved to 4pm
CELL-13,2026-08-12,Reminder: update sprint tickets
CELL-13,2026-08-25,New ops dashboard link shared in channel
CELL-13,2026-08-27,"Bidder-D endpoint returning 5xx since 8:00, bid responses down"
CELL-13,2026-08-28,"Reporting pipeline delayed, impression counts for yesterday look short"
CELL-13,2026-09-16,"Bidder-A latency alert auto-resolved in 5 min, no impact"
CELL-13,2026-09-17,"Deploy v2.50 rolled out, no change in bid flow"
CELL-13,2026-09-22,Invoice reconciliation for last month done
CELL-13,2026-09-25,Reminder: update sprint tickets
CELL-13,2026-09-27,"Demand partner Bidder-C not bidding today, support ticket open"
CELL-14,2026-08-28,Bidder-H changed their bidding strategy last night
CELL-14,2026-04-02,"Bidder-E latency alert auto-resolved in 5 min, no impact"
CELL-14,2026-04-13,"Bidder-D timeout spike cleared, no impact on fill"
CELL-14,2026-04-30,"Bidder-H timeout spike cleared, no impact on fill"
CELL-14,2026-05-02,"Bidder-D latency alert auto-resolved in 5 min, no impact"
CELL-14,2026-05-03,"Bidder-F endpoint returning 5xx since 11:00, bid responses down"
CELL-14,2026-05-04,New ops dashboard link shared in channel
CELL-14,2026-05-10,"Seeing timeouts on Bidder-A, monitoring"
CELL-14,2026-05-11,"Deploy v2.32 rolled out, no change in bid flow"
CELL-14,2026-05-12,"Bidder-C latency alert auto-resolved in 5 min, no impact"
CELL-14,2026-05-28,Weekly sync moved to 4pm
CELL-14,2026-05-29,"Bidder-G latency alert auto-resolved in 5 min, no impact"
CELL-14,2026-06-02,"Deploy v2.56 rolled out, no change in bid flow"
CELL-14,2026-06-07,"ClickHouse ingestion lag, today numbers incomplete, backfill pending"
CELL-14,2026-06-16,"Bidder-B latency alert auto-resolved in 5 min, no impact"
CELL-14,2026-06-21,"Bidder-A bid rate looks a bit low, keeping an eye on it"
CELL-14,2026-06-29,"Bidder-D latency alert auto-resolved in 5 min, no impact"
CELL-14,2026-06-30,"Deploy v2.18 rolled out, no change in bid flow"
CELL-14,2026-07-09,Weekly sync moved to 4pm
CELL-14,2026-07-14,"Bidder-D timeout spike cleared, no impact on fill"
CELL-14,2026-07-18,Reminder: update sprint tickets
CELL-14,2026-07-22,"Bidder-F bid rate looks a bit low, keeping an eye on it"
CELL-14,2026-07-23,"Big election results traffic expected tomorrow, buyers ramping spend"
CELL-14,2026-08-18,New ops dashboard link shared in channel
CELL-14,2026-08-20,"Bidder-B timeout spike cleared, no impact on fill"
CELL-14,2026-08-26,"Seeing timeouts on Bidder-C, monitoring"
CELL-14,2026-08-26,"Bidder-A latency alert auto-resolved in 5 min, no impact"
CELL-14,2026-08-28,New ops dashboard link shared in channel
CELL-14,2026-08-29,"Bidder-A bid rate looks a bit low, keeping an eye on it"
CELL-14,2026-09-10,Reminder: update sprint tickets
CELL-14,2026-09-13,Invoice reconciliation for last month done
CELL-14,2026-09-26,"Bidder-F bid rate looks a bit low, keeping an eye on it"
CELL-14,2026-09-26,"Big cricket final traffic expected tomorrow, buyers ramping spend"
CELL-15,2026-04-09,"Bidder-H timeout spike cleared, no impact on fill"
CELL-15,2026-04-12,"Bidder-C latency alert auto-resolved in 5 min, no impact"
CELL-15,2026-04-13,Reminder: update sprint tickets
CELL-15,2026-04-17,Invoice reconciliation for last month done
CELL-15,2026-04-27,New ops dashboard link shared in channel
CELL-15,2026-04-29,"Bidder-G timeout spike cleared, no impact on fill"
CELL-15,2026-05-02,"Deploy v2.32 rolled out, no change in bid flow"
CELL-15,2026-05-04,Reminder: update sprint tickets
CELL-15,2026-05-06,New ops dashboard link shared in channel
CELL-15,2026-05-08,"Deploy v2.41 rolled out, no change in bid flow"
CELL-15,2026-05-13,Reminder: update sprint tickets
CELL-15,2026-05-24,Weekly sync moved to 4pm
CELL-15,2026-06-04,New ops dashboard link shared in channel
CELL-15,2026-06-11,"Reporting pipeline delayed, impression counts for yesterday look short"
CELL-15,2026-06-16,Weekly sync moved to 4pm
CELL-15,2026-06-17,Reminder: update sprint tickets
CELL-15,2026-06-28,Weekly sync moved to 4pm
CELL-15,2026-07-06,"Bidder-C latency alert auto-resolved in 5 min, no impact"
CELL-15,2026-07-08,Reminder: update sprint tickets
CELL-15,2026-07-17,"Bidder-D latency alert auto-resolved in 5 min, no impact"
CELL-15,2026-07-23,New ops dashboard link shared in channel
CELL-15,2026-08-03,New ops dashboard link shared in channel
CELL-15,2026-08-05,New ops dashboard link shared in channel
CELL-15,2026-08-20,"Bidder-B bid rate looks a bit low, keeping an eye on it"
CELL-15,2026-08-22,"Bidder-A endpoint returning 5xx since 1:00, bid responses down"
CELL-15,2026-08-28,"IPL match campaign goes live tomorrow, expect higher demand"
CELL-15,2026-08-31,New ops dashboard link shared in channel
CELL-15,2026-09-01,Invoice reconciliation for last month done
CELL-15,2026-09-02,Reminder: update sprint tickets
CELL-15,2026-09-04,Invoice reconciliation for last month done
CELL-15,2026-09-11,New ops dashboard link shared in channel
CELL-15,2026-09-16,Reminder: update sprint tickets
CELL-16,2026-04-27,"New buyer onboarded on Bidder-G, seats ramping"
CELL-16,2026-06-29,"New buyer onboarded on Bidder-A, seats ramping"
CELL-16,2026-04-06,"Bidder-F latency alert auto-resolved in 5 min, no impact"
CELL-16,2026-04-07,Invoice reconciliation for last month done
CELL-16,2026-04-07,"Big IPL match traffic expected tomorrow, buyers ramping spend"
CELL-16,2026-04-08,"Bidder-C latency alert auto-resolved in 5 min, no impact"
CELL-16,2026-04-10,Reminder: update sprint tickets
CELL-16,2026-04-10,"Big election results traffic expected tomorrow, buyers ramping spend"
CELL-16,2026-04-11,"Bidder-B timeout spike cleared, no impact on fill"
CELL-16,2026-05-11,"Bidder-A timeout spike cleared, no impact on fill"
CELL-16,2026-05-12,New ops dashboard link shared in channel
CELL-16,2026-05-22,New ops dashboard link shared in channel
CELL-16,2026-05-24,Invoice reconciliation for last month done
CELL-16,2026-05-25,New ops dashboard link shared in channel
CELL-16,2026-05-25,"Big IPL match traffic expected tomorrow, buyers ramping spend"
CELL-16,2026-05-26,Reminder: update sprint tickets
CELL-16,2026-06-06,"Bidder-E endpoint returning 5xx since 9:00, bid responses down"
CELL-16,2026-06-21,Invoice reconciliation for last month done
CELL-16,2026-07-05,"Demand partner Bidder-H not bidding today, support ticket open"
CELL-16,2026-07-09,New ops dashboard link shared in channel
CELL-16,2026-07-19,Weekly sync moved to 4pm
CELL-16,2026-07-20,"Bidder-E latency alert auto-resolved in 5 min, no impact"
CELL-16,2026-07-26,New ops dashboard link shared in channel
CELL-16,2026-07-30,"Bidder-B timeout spike cleared, no impact on fill"
CELL-16,2026-08-04,"Deploy v2.46 rolled out, no change in bid flow"
CELL-16,2026-08-08,Weekly sync moved to 4pm
CELL-16,2026-08-09,Invoice reconciliation for last month done
CELL-16,2026-08-10,"Bidder-D latency alert auto-resolved in 5 min, no impact"
CELL-16,2026-08-11,Reminder: update sprint tickets
CELL-16,2026-08-15,"ClickHouse ingestion lag, today numbers incomplete, backfill pending"
CELL-16,2026-08-16,Invoice reconciliation for last month done
CELL-16,2026-08-20,"Bidder-A timeout spike cleared, no impact on fill"
CELL-16,2026-08-26,Invoice reconciliation for last month done
CELL-16,2026-08-28,Reminder: update sprint tickets
CELL-16,2026-09-23,Reminder: update sprint tickets
CELL-17,2026-04-01,Invoice reconciliation for last month done
CELL-17,2026-04-05,"Bidder-F timeout spike cleared, no impact on fill"
CELL-17,2026-04-12,"Seeing timeouts on Bidder-D, monitoring"
CELL-17,2026-04-23,Invoice reconciliation for last month done
CELL-17,2026-04-30,Weekly sync moved to 4pm
CELL-17,2026-05-01,"Bidder-B timeout spike cleared, no impact on fill"
CELL-17,2026-05-17,Weekly sync moved to 4pm
CELL-17,2026-05-27,"IPL match campaign goes live tomorrow, expect higher demand"
CELL-17,2026-05-29,New ops dashboard link shared in channel
CELL-17,2026-06-04,Invoice reconciliation for last month done
CELL-17,2026-06-15,"Bidder-H latency alert auto-resolved in 5 min, no impact"
CELL-17,2026-06-17,"Bidder-B latency alert auto-resolved in 5 min, no impact"
CELL-17,2026-06-20,"Reporting pipeline delayed, impression counts for yesterday look short"
CELL-17,2026-07-01,Reminder: update sprint tickets
CELL-17,2026-07-11,Reminder: update sprint tickets
CELL-17,2026-07-29,"Bidder-H latency alert auto-resolved in 5 min, no impact"
CELL-17,2026-07-29,Reminder: update sprint tickets
CELL-17,2026-08-11,"Seeing timeouts on Bidder-B, monitoring"
CELL-17,2026-08-15,Invoice reconciliation for last month done
CELL-17,2026-08-19,"Big election results traffic expected tomorrow, buyers ramping spend"
CELL-17,2026-08-24,Invoice reconciliation for last month done
CELL-17,2026-08-31,New ops dashboard link shared in channel
CELL-17,2026-09-04,Reminder: update sprint tickets
CELL-17,2026-09-12,"Big IPL match traffic expected tomorrow, buyers ramping spend"
CELL-17,2026-09-24,"Bidder-A paused by their side, timeouts across our placements"
CELL-17,2026-09-27,Reminder: update sprint tickets
CELL-18,2026-04-03,Invoice reconciliation for last month done
CELL-18,2026-04-09,New ops dashboard link shared in channel
CELL-18,2026-04-16,New ops dashboard link shared in channel
CELL-18,2026-05-06,Reminder: update sprint tickets
CELL-18,2026-05-23,"Deploy v2.15 rolled out, no change in bid flow"
CELL-18,2026-05-24,"Deploy v2.45 rolled out, no change in bid flow"
CELL-18,2026-05-25,"Bidder-A timeout spike cleared, no impact on fill"
CELL-18,2026-06-01,Reminder: update sprint tickets
CELL-18,2026-06-03,New ops dashboard link shared in channel
CELL-18,2026-06-14,"Bidder-E bid rate looks a bit low, keeping an eye on it"
CELL-18,2026-06-16,New ops dashboard link shared in channel
CELL-18,2026-06-25,"Bidder-A bid rate looks a bit low, keeping an eye on it"
CELL-18,2026-07-05,Weekly sync moved to 4pm
CELL-18,2026-07-09,"Bidder-H latency alert auto-resolved in 5 min, no impact"
CELL-18,2026-07-12,Weekly sync moved to 4pm
CELL-18,2026-07-22,Reminder: update sprint tickets
CELL-18,2026-08-07,Invoice reconciliation for last month done
CELL-18,2026-08-08,Weekly sync moved to 4pm
CELL-18,2026-08-10,"Demand partner Bidder-A not bidding today, support ticket open"
CELL-18,2026-08-13,"Bidder-A timeout spike cleared, no impact on fill"
CELL-18,2026-08-13,Weekly sync moved to 4pm
CELL-18,2026-08-18,Invoice reconciliation for last month done
CELL-18,2026-08-21,New ops dashboard link shared in channel
CELL-18,2026-08-30,Reminder: update sprint tickets
CELL-18,2026-09-03,"Bidder-F timeout spike cleared, no impact on fill"
CELL-18,2026-09-06,New ops dashboard link shared in channel
CELL-18,2026-09-20,"Bidder-C timeout spike cleared, no impact on fill"
CELL-18,2026-09-25,"Deploy v2.19 rolled out, no change in bid flow"
CELL-19,2026-04-02,"Bidder-H timeout spike cleared, no impact on fill"
CELL-19,2026-04-03,Invoice reconciliation for last month done
CELL-19,2026-04-14,Reminder: update sprint tickets
CELL-19,2026-04-22,"Bidder-D latency alert auto-resolved in 5 min, no impact"
CELL-19,2026-04-30,"Deploy v2.29 rolled out, no change in bid flow"
CELL-19,2026-05-12,"Seeing timeouts on Bidder-D, monitoring"
CELL-19,2026-05-12,Weekly sync moved to 4pm
CELL-19,2026-05-31,"Deploy v2.58 rolled out, no change in bid flow"
CELL-19,2026-05-31,New ops dashboard link shared in channel
CELL-19,2026-06-06,Reminder: update sprint tickets
CELL-19,2026-06-22,Invoice reconciliation for last month done
CELL-19,2026-06-26,New ops dashboard link shared in channel
CELL-19,2026-06-28,Reminder: update sprint tickets
CELL-19,2026-06-29,Invoice reconciliation for last month done
CELL-19,2026-07-07,"Bidder-G timeout spike cleared, no impact on fill"
CELL-19,2026-07-07,Reminder: update sprint tickets
CELL-19,2026-07-20,Weekly sync moved to 4pm
CELL-19,2026-07-31,"Bidder-C latency alert auto-resolved in 5 min, no impact"
CELL-19,2026-08-11,"Bidder-D bid rate looks a bit low, keeping an eye on it"
CELL-19,2026-08-15,"Bidder-E bid rate looks a bit low, keeping an eye on it"
CELL-19,2026-08-16,"Bidder-E latency alert auto-resolved in 5 min, no impact"
CELL-19,2026-08-21,Reminder: update sprint tickets
CELL-19,2026-08-23,"ClickHouse ingestion lag, today numbers incomplete, backfill pending"
CELL-19,2026-08-25,"Reporting pipeline delayed, impression counts for yesterday look short"
CELL-19,2026-08-28,"Seeing timeouts on Bidder-G, monitoring"
CELL-19,2026-09-02,New ops dashboard link shared in channel
CELL-19,2026-09-03,Reminder: update sprint tickets
CELL-19,2026-09-25,"Bidder-H timeout spike cleared, no impact on fill"
CELL-19,2026-09-27,"Bidder-G paused by their side, timeouts across our placements"
CELL-20,2026-04-08,Weekly sync moved to 4pm
CELL-20,2026-04-18,"Seeing timeouts on Bidder-A, monitoring"
CELL-20,2026-04-23,"Bidder-D bid rate looks a bit low, keeping an eye on it"
CELL-20,2026-05-01,"Deploy v2.34 rolled out, no change in bid flow"
CELL-20,2026-05-02,"Deploy v2.22 rolled out, no change in bid flow"
CELL-20,2026-05-06,Reminder: update sprint tickets
CELL-20,2026-05-15,Weekly sync moved to 4pm
CELL-20,2026-05-16,"Reporting pipeline delayed, impression counts for yesterday look short"
CELL-20,2026-05-30,"Bidder-A latency alert auto-resolved in 5 min, no impact"
CELL-20,2026-06-01,Weekly sync moved to 4pm
CELL-20,2026-06-06,"election results campaign goes live tomorrow, expect higher demand"
CELL-20,2026-06-10,"Bidder-D bid rate looks a bit low, keeping an eye on it"
CELL-20,2026-06-10,New ops dashboard link shared in channel
CELL-20,2026-06-13,Invoice reconciliation for last month done
CELL-20,2026-06-19,"Bidder-A timeout spike cleared, no impact on fill"
CELL-20,2026-06-22,New ops dashboard link shared in channel
CELL-20,2026-07-18,"Bidder-H bid rate looks a bit low, keeping an eye on it"
CELL-20,2026-07-18,"Bidder-G bid rate looks a bit low, keeping an eye on it"
CELL-20,2026-07-22,"Deploy v2.25 rolled out, no change in bid flow"
CELL-20,2026-07-23,"Deploy v2.29 rolled out, no change in bid flow"
CELL-20,2026-07-28,"Deploy v2.20 rolled out, no change in bid flow"
CELL-20,2026-08-07,New ops dashboard link shared in channel
CELL-20,2026-08-11,Invoice reconciliation for last month done
CELL-20,2026-08-22,Invoice reconciliation for last month done
CELL-20,2026-09-01,"Bidder-D latency alert auto-resolved in 5 min, no impact"
CELL-20,2026-09-17,"Seeing timeouts on Bidder-F, monitoring"
CELL-20,2026-09-20,"Bidder-D latency alert auto-resolved in 5 min, no impact"
CELL-20,2026-09-23,"Bidder-B latency alert auto-resolved in 5 min, no impact"
CELL-20,2026-09-26,"Bidder-D timeout spike cleared, no impact on fill"
CELL-21,2026-04-05,Invoice reconciliation for last month done
CELL-21,2026-04-17,"Deploy v2.12 rolled out, no change in bid flow"
CELL-21,2026-04-18,"Bidder-G latency alert auto-resolved in 5 min, no impact"
CELL-21,2026-04-20,Reminder: update sprint tickets
CELL-21,2026-04-24,"Seeing timeouts on Bidder-G, monitoring"
CELL-21,2026-04-26,"Bidder-C latency alert auto-resolved in 5 min, no impact"
CELL-21,2026-05-02,Weekly sync moved to 4pm
CELL-21,2026-05-04,"Bidder-G endpoint returning 5xx since 9:00, bid responses down"
CELL-21,2026-05-11,"Bidder-G latency alert auto-resolved in 5 min, no impact"
CELL-21,2026-05-16,"Deploy v2.28 rolled out, no change in bid flow"
CELL-21,2026-05-26,New ops dashboard link shared in channel
CELL-21,2026-05-29,"Seeing timeouts on Bidder-C, monitoring"
CELL-21,2026-05-31,"Seeing timeouts on Bidder-H, monitoring"
CELL-21,2026-06-05,"Bidder-B timeout spike cleared, no impact on fill"
CELL-21,2026-06-12,"Bidder-C timeout spike cleared, no impact on fill"
CELL-21,2026-06-16,Invoice reconciliation for last month done
CELL-21,2026-06-21,Reminder: update sprint tickets
CELL-21,2026-06-24,Invoice reconciliation for last month done
CELL-21,2026-06-28,"Bidder-H timeout spike cleared, no impact on fill"
CELL-21,2026-07-02,"election results campaign goes live tomorrow, expect higher demand"
CELL-21,2026-07-07,Invoice reconciliation for last month done
CELL-21,2026-07-12,"Seeing timeouts on Bidder-H, monitoring"
CELL-21,2026-07-14,"Bidder-H bid rate looks a bit low, keeping an eye on it"
CELL-21,2026-07-16,"Bidder-E latency alert auto-resolved in 5 min, no impact"
CELL-21,2026-07-20,New ops dashboard link shared in channel
CELL-21,2026-07-21,New ops dashboard link shared in channel
CELL-21,2026-08-08,"Deploy v2.28 rolled out, no change in bid flow"
CELL-21,2026-08-14,"Bidder-A timeout spike cleared, no impact on fill"
CELL-21,2026-08-23,"Bidder-H paused by their side, timeouts across our placements"
CELL-21,2026-08-24,"Seeing timeouts on Bidder-H, monitoring"
CELL-21,2026-08-26,"Bidder-B latency alert auto-resolved in 5 min, no impact"
CELL-21,2026-09-03,Reminder: update sprint tickets
CELL-21,2026-09-13,"Bidder-B latency alert auto-resolved in 5 min, no impact"
CELL-21,2026-09-14,"Bidder-A endpoint returning 5xx since 1:00, bid responses down"
CELL-22,2026-06-01,Bidder-B changed their bidding strategy last night
CELL-22,2026-04-03,"Seeing timeouts on Bidder-G, monitoring"
CELL-22,2026-04-13,"election results campaign goes live tomorrow, expect higher demand"
CELL-22,2026-04-18,Reminder: update sprint tickets
CELL-22,2026-04-29,Reminder: update sprint tickets
CELL-22,2026-05-09,Invoice reconciliation for last month done
CELL-22,2026-05-12,Reminder: update sprint tickets
CELL-22,2026-05-28,Weekly sync moved to 4pm
CELL-22,2026-05-29,"Bidder-D timeout spike cleared, no impact on fill"
CELL-22,2026-05-31,"Bidder-D timeout spike cleared, no impact on fill"
CELL-22,2026-06-07,"Bidder-B latency alert auto-resolved in 5 min, no impact"
CELL-22,2026-06-17,"Big IPL match traffic expected tomorrow, buyers ramping spend"
CELL-22,2026-06-23,"cricket final campaign goes live tomorrow, expect higher demand"
CELL-22,2026-07-01,"Big IPL match traffic expected tomorrow, buyers ramping spend"
CELL-22,2026-07-06,New ops dashboard link shared in channel
CELL-22,2026-07-13,"Reporting pipeline delayed, impression counts for yesterday look short"
CELL-22,2026-07-14,Reminder: update sprint tickets
CELL-22,2026-07-20,"cricket final campaign goes live tomorrow, expect higher demand"
CELL-22,2026-07-25,"Bidder-A timeout spike cleared, no impact on fill"
CELL-22,2026-07-28,New ops dashboard link shared in channel
CELL-22,2026-07-30,Reminder: update sprint tickets
CELL-22,2026-08-01,"Deploy v2.18 rolled out, no change in bid flow"
CELL-22,2026-08-06,"Bidder-G bid rate looks a bit low, keeping an eye on it"
CELL-22,2026-08-07,"Bidder-E latency alert auto-resolved in 5 min, no impact"
CELL-22,2026-08-13,"Bidder-A timeout spike cleared, no impact on fill"
CELL-22,2026-08-28,"Bidder-H latency alert auto-resolved in 5 min, no impact"
CELL-22,2026-09-01,Weekly sync moved to 4pm
CELL-22,2026-09-03,"cricket final campaign goes live tomorrow, expect higher demand"
CELL-22,2026-09-08,"Bidder-A timeout spike cleared, no impact on fill"
CELL-22,2026-09-22,"Bidder-A timeout spike cleared, no impact on fill"
CELL-22,2026-09-22,Weekly sync moved to 4pm
CELL-22,2026-09-27,"Bidder-H bid rate looks a bit low, keeping an eye on it"
CELL-23,2026-04-18,Bidder-F changed their bidding strategy last night
CELL-23,2026-04-13,Weekly sync moved to 4pm
CELL-23,2026-04-16,"Deploy v2.36 rolled out, no change in bid flow"
CELL-23,2026-04-18,"Big IPL match traffic expected tomorrow, buyers ramping spend"
CELL-23,2026-04-23,"Bidder-A timeout spike cleared, no impact on fill"
CELL-23,2026-05-05,Invoice reconciliation for last month done
CELL-23,2026-05-18,New ops dashboard link shared in channel
CELL-23,2026-05-19,New ops dashboard link shared in channel
CELL-23,2026-05-22,Invoice reconciliation for last month done
CELL-23,2026-05-30,Weekly sync moved to 4pm
CELL-23,2026-06-02,"Deploy v2.10 rolled out, no change in bid flow"
CELL-23,2026-06-02,"Bidder-A bid rate looks a bit low, keeping an eye on it"
CELL-23,2026-06-09,"Bidder-B has gone quiet since morning, checking with their AM"
CELL-23,2026-06-11,"Bidder-A bid rate looks a bit low, keeping an eye on it"
CELL-23,2026-06-14,"Bidder-A latency alert auto-resolved in 5 min, no impact"
CELL-23,2026-06-20,Weekly sync moved to 4pm
CELL-23,2026-06-21,Invoice reconciliation for last month done
CELL-23,2026-06-22,Reminder: update sprint tickets
CELL-23,2026-07-01,Reminder: update sprint tickets
CELL-23,2026-07-10,"Bidder-A timeout spike cleared, no impact on fill"
CELL-23,2026-07-13,Weekly sync moved to 4pm
CELL-23,2026-07-16,"Bidder-C timeout spike cleared, no impact on fill"
CELL-23,2026-07-20,"Big IPL match traffic expected tomorrow, buyers ramping spend"
CELL-23,2026-07-21,Reminder: update sprint tickets
CELL-23,2026-07-21,"Big election results traffic expected tomorrow, buyers ramping spend"
CELL-23,2026-07-29,Reminder: update sprint tickets
CELL-23,2026-07-30,"Deploy v2.54 rolled out, no change in bid flow"
CELL-23,2026-08-01,"Deploy v2.51 rolled out, no change in bid flow"
CELL-23,2026-08-17,Invoice reconciliation for last month done
CELL-23,2026-08-27,"Bidder-B timeout spike cleared, no impact on fill"
CELL-23,2026-09-05,Reminder: update sprint tickets
CELL-23,2026-09-14,"Bidder-E latency alert auto-resolved in 5 min, no impact"
CELL-23,2026-09-25,Reminder: update sprint tickets
CELL-23,2026-09-26,Reminder: update sprint tickets
CELL-24,2026-04-08,Invoice reconciliation for last month done
CELL-24,2026-04-12,Invoice reconciliation for last month done
CELL-24,2026-04-15,New ops dashboard link shared in channel
CELL-24,2026-04-25,Invoice reconciliation for last month done
CELL-24,2026-04-29,New ops dashboard link shared in channel
CELL-24,2026-05-21,New ops dashboard link shared in channel
CELL-24,2026-05-24,Invoice reconciliation for last month done
CELL-24,2026-06-11,"Bidder-H timeout spike cleared, no impact on fill"
CELL-24,2026-06-13,"Bidder-A paused by their side, timeouts across our placements"
CELL-24,2026-06-14,Invoice reconciliation for last month done
CELL-24,2026-06-17,"Bidder-G latency alert auto-resolved in 5 min, no impact"
CELL-24,2026-06-20,"Bidder-A timeout spike cleared, no impact on fill"
CELL-24,2026-06-25,"ClickHouse ingestion lag, today numbers incomplete, backfill pending"
CELL-24,2026-06-26,Reminder: update sprint tickets
CELL-24,2026-06-29,Weekly sync moved to 4pm
CELL-24,2026-07-05,"Bidder-C timeout spike cleared, no impact on fill"
CELL-24,2026-07-31,Weekly sync moved to 4pm
CELL-24,2026-08-04,"Deploy v2.15 rolled out, no change in bid flow"
CELL-24,2026-08-18,Invoice reconciliation for last month done
CELL-24,2026-08-19,"ClickHouse ingestion lag, today numbers incomplete, backfill pending"
CELL-24,2026-08-20,"Deploy v2.55 rolled out, no change in bid flow"
CELL-24,2026-09-02,New ops dashboard link shared in channel
CELL-24,2026-09-05,"Big IPL match traffic expected tomorrow, buyers ramping spend"
CELL-24,2026-09-10,Invoice reconciliation for last month done
CELL-24,2026-09-15,Invoice reconciliation for last month done
CELL-24,2026-09-16,"Bidder-G bid rate looks a bit low, keeping an eye on it"
CELL-25,2026-04-10,"Big festive sale traffic expected tomorrow, buyers ramping spend"
CELL-25,2026-04-13,Reminder: update sprint tickets
CELL-25,2026-04-15,Invoice reconciliation for last month done
CELL-25,2026-04-24,Weekly sync moved to 4pm
CELL-25,2026-04-28,Weekly sync moved to 4pm
CELL-25,2026-05-27,"Bidder-H timeout spike cleared, no impact on fill"
CELL-25,2026-05-28,"Bidder-B latency alert auto-resolved in 5 min, no impact"
CELL-25,2026-05-30,Invoice reconciliation for last month done
CELL-25,2026-06-01,Reminder: update sprint tickets
CELL-25,2026-06-11,"Seeing timeouts on Bidder-G, monitoring"
CELL-25,2026-06-19,"Bidder-B timeout spike cleared, no impact on fill"
CELL-25,2026-06-22,"Bidder-G timeout spike cleared, no impact on fill"
CELL-25,2026-06-23,"Bidder-F latency alert auto-resolved in 5 min, no impact"
CELL-25,2026-06-25,"cricket final campaign goes live tomorrow, expect higher demand"
CELL-25,2026-06-29,"Bidder-H latency alert auto-resolved in 5 min, no impact"
CELL-25,2026-07-06,"Bidder-B latency alert auto-resolved in 5 min, no impact"
CELL-25,2026-07-10,"Bidder-E latency alert auto-resolved in 5 min, no impact"
CELL-25,2026-07-21,"Deploy v2.50 rolled out, no change in bid flow"
CELL-25,2026-07-28,"Seeing timeouts on Bidder-E, monitoring"
CELL-25,2026-08-05,Weekly sync moved to 4pm
CELL-25,2026-08-06,Invoice reconciliation for last month done
CELL-25,2026-08-09,"Bidder-H latency alert auto-resolved in 5 min, no impact"
CELL-25,2026-08-27,"Bidder-E latency alert auto-resolved in 5 min, no impact"
CELL-25,2026-08-27,New ops dashboard link shared in channel
CELL-25,2026-09-13,"Big festive sale traffic expected tomorrow, buyers ramping spend"
CELL-26,2026-04-22,Bidder-B changed their bidding strategy last night
CELL-26,2026-04-02,New ops dashboard link shared in channel
CELL-26,2026-04-04,Reminder: update sprint tickets
CELL-26,2026-04-17,"Bidder-F timeout spike cleared, no impact on fill"
CELL-26,2026-05-03,"cricket final campaign goes live tomorrow, expect higher demand"
CELL-26,2026-05-10,"Bidder-F latency alert auto-resolved in 5 min, no impact"
CELL-26,2026-06-02,Reminder: update sprint tickets
CELL-26,2026-06-07,"Bidder-E bid rate looks a bit low, keeping an eye on it"
CELL-26,2026-06-20,New ops dashboard link shared in channel
CELL-26,2026-06-21,Invoice reconciliation for last month done
CELL-26,2026-06-26,"Deploy v2.42 rolled out, no change in bid flow"
CELL-26,2026-07-12,Weekly sync moved to 4pm
CELL-26,2026-07-13,"Reporting pipeline delayed, impression counts for yesterday look short"
CELL-26,2026-07-17,New ops dashboard link shared in channel
CELL-26,2026-07-19,Invoice reconciliation for last month done
CELL-26,2026-07-22,New ops dashboard link shared in channel
CELL-26,2026-07-24,"Bidder-G paused by their side, timeouts across our placements"
CELL-26,2026-07-28,Invoice reconciliation for last month done
CELL-26,2026-08-03,Invoice reconciliation for last month done
CELL-26,2026-08-11,"Deploy v2.31 rolled out, no change in bid flow"
CELL-26,2026-08-27,"Bidder-F latency alert auto-resolved in 5 min, no impact"
CELL-26,2026-08-29,Reminder: update sprint tickets
CELL-26,2026-09-24,Invoice reconciliation for last month done
CELL-27,2026-09-25,Bidder-H changed their bidding strategy last night
CELL-27,2026-04-05,Reminder: update sprint tickets
CELL-27,2026-04-08,"ClickHouse ingestion lag, today numbers incomplete, backfill pending"
CELL-27,2026-04-23,Invoice reconciliation for last month done
CELL-27,2026-04-28,"Bidder-H latency alert auto-resolved in 5 min, no impact"
CELL-27,2026-04-30,"Bidder-F latency alert auto-resolved in 5 min, no impact"
CELL-27,2026-05-06,Invoice reconciliation for last month done
CELL-27,2026-05-22,"Bidder-E latency alert auto-resolved in 5 min, no impact"
CELL-27,2026-06-04,New ops dashboard link shared in channel
CELL-27,2026-06-06,Invoice reconciliation for last month done
CELL-27,2026-06-11,"Bidder-H latency alert auto-resolved in 5 min, no impact"
CELL-27,2026-06-18,Invoice reconciliation for last month done
CELL-27,2026-06-25,Reminder: update sprint tickets
CELL-27,2026-07-22,Reminder: update sprint tickets
CELL-27,2026-07-25,"Deploy v2.56 rolled out, no change in bid flow"
CELL-27,2026-08-01,"Bidder-F timeout spike cleared, no impact on fill"
CELL-27,2026-08-03,Reminder: update sprint tickets
CELL-27,2026-08-10,"Reporting pipeline delayed, impression counts for yesterday look short"
CELL-27,2026-08-16,Invoice reconciliation for last month done
CELL-27,2026-08-18,Weekly sync moved to 4pm
CELL-27,2026-09-03,Reminder: update sprint tickets
CELL-27,2026-09-13,Reminder: update sprint tickets
CELL-27,2026-09-21,"Seeing timeouts on Bidder-E, monitoring"
CELL-27,2026-09-21,Invoice reconciliation for last month done
CELL-27,2026-09-22,"ClickHouse ingestion lag, today numbers incomplete, backfill pending"
CELL-27,2026-09-27,"Deploy v2.52 rolled out, no change in bid flow"
CELL-28,2026-04-25,Bidder-E changed their bidding strategy last night
CELL-28,2026-04-01,"Seeing timeouts on Bidder-B, monitoring"
CELL-28,2026-04-23,New ops dashboard link shared in channel
CELL-28,2026-05-19,"Deploy v2.51 rolled out, no change in bid flow"
CELL-28,2026-05-27,"Seeing timeouts on Bidder-G, monitoring"
CELL-28,2026-05-30,"Bidder-A bid rate looks a bit low, keeping an eye on it"
CELL-28,2026-06-02,Weekly sync moved to 4pm
CELL-28,2026-06-05,"Reporting pipeline delayed, impression counts for yesterday look short"
CELL-28,2026-06-05,"Bidder-C timeout spike cleared, no impact on fill"
CELL-28,2026-06-05,"festive sale campaign goes live tomorrow, expect higher demand"
CELL-28,2026-06-07,Weekly sync moved to 4pm
CELL-28,2026-06-09,Reminder: update sprint tickets
CELL-28,2026-06-14,"Reporting pipeline delayed, impression counts for yesterday look short"
CELL-28,2026-06-15,"Bidder-C timeout spike cleared, no impact on fill"
CELL-28,2026-06-22,"Deploy v2.15 rolled out, no change in bid flow"
CELL-28,2026-06-24,"Bidder-D timeout spike cleared, no impact on fill"
CELL-28,2026-06-27,"Bidder-A latency alert auto-resolved in 5 min, no impact"
CELL-28,2026-07-04,Invoice reconciliation for last month done
CELL-28,2026-07-12,"Reporting pipeline delayed, impression counts for yesterday look short"
CELL-28,2026-07-17,"Bidder-A bid rate looks a bit low, keeping an eye on it"
CELL-28,2026-07-18,Weekly sync moved to 4pm
CELL-28,2026-07-20,"Deploy v2.12 rolled out, no change in bid flow"
CELL-28,2026-07-22,New ops dashboard link shared in channel
CELL-28,2026-08-03,Weekly sync moved to 4pm
CELL-28,2026-08-18,Invoice reconciliation for last month done
CELL-28,2026-08-20,Weekly sync moved to 4pm
CELL-28,2026-08-24,Reminder: update sprint tickets
CELL-28,2026-09-06,Weekly sync moved to 4pm
CELL-28,2026-09-07,New ops dashboard link shared in channel
CELL-28,2026-09-08,Invoice reconciliation for last month done
CELL-28,2026-09-11,"Bidder-A timeout spike cleared, no impact on fill"
CELL-29,2026-04-19,"Seeing timeouts on Bidder-E, monitoring"
CELL-29,2026-04-20,"Bidder-F timeout spike cleared, no impact on fill"
CELL-29,2026-04-28,Invoice reconciliation for last month done
CELL-29,2026-05-11,"Bidder-A latency alert auto-resolved in 5 min, no impact"
CELL-29,2026-05-18,"Deploy v2.39 rolled out, no change in bid flow"
CELL-29,2026-05-20,"Bidder-B timeout spike cleared, no impact on fill"
CELL-29,2026-06-07,"Bidder-F timeout spike cleared, no impact on fill"
CELL-29,2026-06-12,"Bidder-C latency alert auto-resolved in 5 min, no impact"
CELL-29,2026-06-20,"Deploy v2.46 rolled out, no change in bid flow"
CELL-29,2026-06-22,Invoice reconciliation for last month done
CELL-29,2026-06-24,"Bidder-F latency alert auto-resolved in 5 min, no impact"
CELL-29,2026-07-07,Invoice reconciliation for last month done
CELL-29,2026-07-16,"Seeing timeouts on Bidder-B, monitoring"
CELL-29,2026-07-28,New ops dashboard link shared in channel
CELL-29,2026-08-01,"Bidder-B timeout spike cleared, no impact on fill"
CELL-29,2026-08-02,Reminder: update sprint tickets
CELL-29,2026-08-15,"Bidder-A paused by their side, timeouts across our placements"
CELL-29,2026-08-17,"Deploy v2.19 rolled out, no change in bid flow"
CELL-29,2026-08-20,Weekly sync moved to 4pm
CELL-29,2026-08-26,New ops dashboard link shared in channel
CELL-29,2026-08-27,Invoice reconciliation for last month done
CELL-29,2026-09-02,Weekly sync moved to 4pm
CELL-29,2026-09-12,"Seeing timeouts on Bidder-D, monitoring"
CELL-29,2026-09-12,Invoice reconciliation for last month done
CELL-29,2026-09-26,"Deploy v2.11 rolled out, no change in bid flow"
CELL-30,2026-04-10,"ClickHouse ingestion lag, today numbers incomplete, backfill pending"
CELL-30,2026-04-14,"Bidder-E latency alert auto-resolved in 5 min, no impact"
CELL-30,2026-04-20,"Bidder-C latency alert auto-resolved in 5 min, no impact"
CELL-30,2026-04-27,Reminder: update sprint tickets
CELL-30,2026-04-28,Weekly sync moved to 4pm
CELL-30,2026-05-08,Reminder: update sprint tickets
CELL-30,2026-05-11,"Deploy v2.22 rolled out, no change in bid flow"
CELL-30,2026-05-14,Weekly sync moved to 4pm
CELL-30,2026-05-15,Reminder: update sprint tickets
CELL-30,2026-05-17,Invoice reconciliation for last month done
CELL-30,2026-05-18,Reminder: update sprint tickets
CELL-30,2026-05-22,Weekly sync moved to 4pm
CELL-30,2026-05-27,"Demand partner Bidder-F not bidding today, support ticket open"
CELL-30,2026-05-26,"Bidder-A timeout spike cleared, no impact on fill"
CELL-30,2026-05-27,New ops dashboard link shared in channel
CELL-30,2026-06-02,"Bidder-G timeout spike cleared, no impact on fill"
CELL-30,2026-06-04,Invoice reconciliation for last month done
CELL-30,2026-06-14,Invoice reconciliation for last month done
CELL-30,2026-06-15,Reminder: update sprint tickets
CELL-30,2026-06-21,Reminder: update sprint tickets
CELL-30,2026-06-29,Reminder: update sprint tickets
CELL-30,2026-07-04,Reminder: update sprint tickets
CELL-30,2026-07-05,New ops dashboard link shared in channel
CELL-30,2026-07-06,New ops dashboard link shared in channel
CELL-30,2026-07-09,New ops dashboard link shared in channel
CELL-30,2026-07-23,Weekly sync moved to 4pm
CELL-30,2026-08-15,Weekly sync moved to 4pm
CELL-30,2026-08-20,Invoice reconciliation for last month done
CELL-30,2026-09-01,"Deploy v2.27 rolled out, no change in bid flow"
CELL-30,2026-09-08,Weekly sync moved to 4pm
CELL-30,2026-09-18,Weekly sync moved to 4pm
CELL-30,2026-09-19,Reminder: update sprint tickets
CELL-30,2026-09-19,"Big festive sale traffic expected tomorrow, buyers ramping spend"
CELL-30,2026-09-23,"Bidder-D latency alert auto-resolved in 5 min, no impact"
CELL-30,2026-09-24,Invoice reconciliation for last month done
CELL-30,2026-09-26,"Bidder-A latency alert auto-resolved in 5 min, no impact"
CELL-31,2026-04-01,Invoice reconciliation for last month done
CELL-31,2026-04-15,"cricket final campaign goes live tomorrow, expect higher demand"
CELL-31,2026-04-30,Invoice reconciliation for last month done
CELL-31,2026-05-01,Invoice reconciliation for last month done
CELL-31,2026-05-06,"Bidder-B bid rate looks a bit low, keeping an eye on it"
CELL-31,2026-05-08,Weekly sync moved to 4pm
CELL-31,2026-05-10,"Deploy v2.13 rolled out, no change in bid flow"
CELL-31,2026-05-10,Reminder: update sprint tickets
CELL-31,2026-05-21,Invoice reconciliation for last month done
CELL-31,2026-05-25,Reminder: update sprint tickets
CELL-31,2026-05-28,Reminder: update sprint tickets
CELL-31,2026-06-04,New ops dashboard link shared in channel
CELL-31,2026-06-04,"Big cricket final traffic expected tomorrow, buyers ramping spend"
CELL-31,2026-06-08,Weekly sync moved to 4pm
CELL-31,2026-06-22,"Bidder-A endpoint returning 5xx since 4:00, bid responses down"
CELL-31,2026-06-27,"Bidder-A has gone quiet since morning, checking with their AM"
CELL-31,2026-06-26,Weekly sync moved to 4pm
CELL-31,2026-07-09,New ops dashboard link shared in channel
CELL-31,2026-07-10,Weekly sync moved to 4pm
CELL-31,2026-07-18,Invoice reconciliation for last month done
CELL-31,2026-07-22,"Seeing timeouts on Bidder-D, monitoring"
CELL-31,2026-07-24,Invoice reconciliation for last month done
CELL-31,2026-07-30,"Demand partner Bidder-A not bidding today, support ticket open"
CELL-31,2026-08-13,Weekly sync moved to 4pm
CELL-31,2026-08-16,Weekly sync moved to 4pm
CELL-31,2026-09-01,"Deploy v2.36 rolled out, no change in bid flow"
CELL-31,2026-09-13,"Bidder-H timeout spike cleared, no impact on fill"
CELL-31,2026-09-13,New ops dashboard link shared in channel
CELL-31,2026-09-14,Reminder: update sprint tickets
CELL-31,2026-09-24,Reminder: update sprint tickets
CELL-32,2026-04-04,"Bidder-C latency alert auto-resolved in 5 min, no impact"
CELL-32,2026-04-10,Invoice reconciliation for last month done
CELL-32,2026-05-01,"Bidder-E timeout spike cleared, no impact on fill"
CELL-32,2026-05-08,"Bidder-D bid rate looks a bit low, keeping an eye on it"
CELL-32,2026-05-08,Weekly sync moved to 4pm
CELL-32,2026-05-11,New ops dashboard link shared in channel
CELL-32,2026-05-14,"Deploy v2.15 rolled out, no change in bid flow"
CELL-32,2026-05-19,"Big cricket final traffic expected tomorrow, buyers ramping spend"
CELL-32,2026-05-22,"Bidder-D has gone quiet since morning, checking with their AM"
CELL-32,2026-05-24,New ops dashboard link shared in channel
CELL-32,2026-05-27,"Bidder-F latency alert auto-resolved in 5 min, no impact"
CELL-32,2026-06-04,New ops dashboard link shared in channel
CELL-32,2026-06-08,"Bidder-G latency alert auto-resolved in 5 min, no impact"
CELL-32,2026-06-19,New ops dashboard link shared in channel
CELL-32,2026-06-26,Weekly sync moved to 4pm
CELL-32,2026-06-28,Weekly sync moved to 4pm
CELL-32,2026-07-08,"cricket final campaign goes live tomorrow, expect higher demand"
CELL-32,2026-07-11,"Bidder-B bid rate looks a bit low, keeping an eye on it"
CELL-32,2026-07-19,"Bidder-H timeout spike cleared, no impact on fill"
CELL-32,2026-07-24,"Deploy v2.34 rolled out, no change in bid flow"
CELL-32,2026-08-02,"Big IPL match traffic expected tomorrow, buyers ramping spend"
CELL-32,2026-08-03,New ops dashboard link shared in channel
CELL-32,2026-08-05,Invoice reconciliation for last month done
CELL-32,2026-08-06,Reminder: update sprint tickets
CELL-32,2026-08-08,Weekly sync moved to 4pm
CELL-32,2026-08-13,Weekly sync moved to 4pm
CELL-32,2026-08-26,"Deploy v2.42 rolled out, no change in bid flow"
CELL-32,2026-09-01,"Bidder-G timeout spike cleared, no impact on fill"
CELL-32,2026-09-06,"Big festive sale traffic expected tomorrow, buyers ramping spend"
CELL-32,2026-09-11,"Seeing timeouts on Bidder-C, monitoring"
CELL-32,2026-09-11,New ops dashboard link shared in channel
CELL-32,2026-09-15,"Reporting pipeline delayed, impression counts for yesterday look short"
CELL-32,2026-09-15,"Bidder-B bid rate looks a bit low, keeping an eye on it"
CELL-33,2026-04-04,"Bidder-A bid rate looks a bit low, keeping an eye on it"
CELL-33,2026-04-06,"Bidder-H timeout spike cleared, no impact on fill"
CELL-33,2026-04-17,Weekly sync moved to 4pm
CELL-33,2026-05-08,"Bidder-H latency alert auto-resolved in 5 min, no impact"
CELL-33,2026-05-12,Reminder: update sprint tickets
CELL-33,2026-05-15,"Bidder-E bid rate looks a bit low, keeping an eye on it"
CELL-33,2026-05-20,"Seeing timeouts on Bidder-B, monitoring"
CELL-33,2026-05-27,"Bidder-D latency alert auto-resolved in 5 min, no impact"
CELL-33,2026-06-06,Invoice reconciliation for last month done
CELL-33,2026-06-16,Invoice reconciliation for last month done
CELL-33,2026-06-25,"Bidder-H timeout spike cleared, no impact on fill"
CELL-33,2026-06-27,Invoice reconciliation for last month done
CELL-33,2026-06-29,"Bidder-H latency alert auto-resolved in 5 min, no impact"
CELL-33,2026-07-03,"Bidder-A latency alert auto-resolved in 5 min, no impact"
CELL-33,2026-07-11,"Bidder-D timeout spike cleared, no impact on fill"
CELL-33,2026-07-25,"Bidder-H timeout spike cleared, no impact on fill"
CELL-33,2026-08-03,"Bidder-C timeout spike cleared, no impact on fill"
CELL-33,2026-08-26,"Bidder-A latency alert auto-resolved in 5 min, no impact"
CELL-33,2026-08-30,"Bidder-E latency alert auto-resolved in 5 min, no impact"
CELL-33,2026-09-07,"Deploy v2.14 rolled out, no change in bid flow"
CELL-33,2026-09-14,"ClickHouse ingestion lag, today numbers incomplete, backfill pending"
CELL-33,2026-09-16,"Seeing timeouts on Bidder-D, monitoring"
CELL-33,2026-09-17,"Deploy v2.45 rolled out, no change in bid flow"
CELL-33,2026-09-22,Invoice reconciliation for last month done
CELL-34,2026-04-16,New ops dashboard link shared in channel
CELL-34,2026-05-09,"Reporting pipeline delayed, impression counts for yesterday look short"
CELL-34,2026-05-09,"Bidder-A timeout spike cleared, no impact on fill"
CELL-34,2026-05-15,"Bidder-E bid rate looks a bit low, keeping an eye on it"
CELL-34,2026-05-26,New ops dashboard link shared in channel
CELL-34,2026-06-01,"ClickHouse ingestion lag, today numbers incomplete, backfill pending"
CELL-34,2026-06-08,"Deploy v2.25 rolled out, no change in bid flow"
CELL-34,2026-07-05,"Bidder-C latency alert auto-resolved in 5 min, no impact"
CELL-34,2026-07-26,"Bidder-B bid rate looks a bit low, keeping an eye on it"
CELL-34,2026-08-03,Invoice reconciliation for last month done
CELL-34,2026-08-04,Weekly sync moved to 4pm
CELL-34,2026-08-13,"Big election results traffic expected tomorrow, buyers ramping spend"
CELL-34,2026-08-20,"Bidder-F latency alert auto-resolved in 5 min, no impact"
CELL-34,2026-08-23,Reminder: update sprint tickets
CELL-34,2026-08-25,New ops dashboard link shared in channel
CELL-34,2026-08-28,"Bidder-C latency alert auto-resolved in 5 min, no impact"
CELL-34,2026-08-29,"Deploy v2.10 rolled out, no change in bid flow"
CELL-34,2026-09-08,Reminder: update sprint tickets
CELL-34,2026-09-22,"Reporting pipeline delayed, impression counts for yesterday look short"
CELL-35,2026-04-03,Invoice reconciliation for last month done
CELL-35,2026-04-07,New ops dashboard link shared in channel
CELL-35,2026-04-11,"Bidder-G latency alert auto-resolved in 5 min, no impact"
CELL-35,2026-04-12,Weekly sync moved to 4pm
CELL-35,2026-04-18,"Seeing timeouts on Bidder-C, monitoring"
CELL-35,2026-04-17,"Deploy v2.33 rolled out, no change in bid flow"
CELL-35,2026-04-22,Weekly sync moved to 4pm
CELL-35,2026-04-30,"Bidder-C bid rate looks a bit low, keeping an eye on it"
CELL-35,2026-05-01,New ops dashboard link shared in channel
CELL-35,2026-05-04,"Bidder-B timeout spike cleared, no impact on fill"
CELL-35,2026-05-07,Invoice reconciliation for last month done
CELL-35,2026-05-14,Reminder: update sprint tickets
CELL-35,2026-05-15,"Bidder-G timeout spike cleared, no impact on fill"
CELL-35,2026-05-17,"Seeing timeouts on Bidder-B, monitoring"
CELL-35,2026-05-20,"ClickHouse ingestion lag, today numbers incomplete, backfill pending"
CELL-35,2026-05-20,Reminder: update sprint tickets
CELL-35,2026-05-23,Reminder: update sprint tickets
CELL-35,2026-05-24,"Bidder-H timeout spike cleared, no impact on fill"
CELL-35,2026-05-29,"ClickHouse ingestion lag, today numbers incomplete, backfill pending"
CELL-35,2026-05-29,"Bidder-D timeout spike cleared, no impact on fill"
CELL-35,2026-06-02,"Bidder-B latency alert auto-resolved in 5 min, no impact"
CELL-35,2026-06-07,"Deploy v2.42 rolled out, no change in bid flow"
CELL-35,2026-06-08,Invoice reconciliation for last month done
CELL-35,2026-06-15,"Bidder-C latency alert auto-resolved in 5 min, no impact"
CELL-35,2026-06-21,"Deploy v2.26 rolled out, no change in bid flow"
CELL-35,2026-06-30,"Deploy v2.41 rolled out, no change in bid flow"
CELL-35,2026-07-04,New ops dashboard link shared in channel
CELL-35,2026-07-10,"Deploy v2.14 rolled out, no change in bid flow"
CELL-35,2026-07-11,New ops dashboard link shared in channel
CELL-35,2026-07-14,Reminder: update sprint tickets
CELL-35,2026-07-21,"Bidder-E bid rate looks a bit low, keeping an eye on it"
CELL-35,2026-07-22,Weekly sync moved to 4pm
CELL-35,2026-08-08,"Seeing timeouts on Bidder-G, monitoring"
CELL-35,2026-08-10,Reminder: update sprint tickets
CELL-35,2026-08-13,"Bidder-B has gone quiet since morning, checking with their AM"
CELL-35,2026-08-14,"Bidder-A timeout spike cleared, no impact on fill"
CELL-35,2026-08-27,Reminder: update sprint tickets
CELL-35,2026-09-02,"Bidder-B timeout spike cleared, no impact on fill"
CELL-35,2026-09-12,"Deploy v2.16 rolled out, no change in bid flow"
CELL-35,2026-09-13,"Bidder-E timeout spike cleared, no impact on fill"
CELL-35,2026-09-17,"Bidder-D timeout spike cleared, no impact on fill"
CELL-35,2026-09-19,Weekly sync moved to 4pm
CELL-35,2026-09-24,"Bidder-E latency alert auto-resolved in 5 min, no impact"
CELL-36,2026-08-24,Bidder-B changed their bidding strategy last night
CELL-36,2026-09-22,"New buyer onboarded on Bidder-C, seats ramping"
CELL-36,2026-04-18,"IPL match campaign goes live tomorrow, expect higher demand"
CELL-36,2026-05-09,"Bidder-E bid rate looks a bit low, keeping an eye on it"
CELL-36,2026-05-13,"Seeing timeouts on Bidder-H, monitoring"
CELL-36,2026-05-17,New ops dashboard link shared in channel
CELL-36,2026-05-21,New ops dashboard link shared in channel
CELL-36,2026-05-25,Invoice reconciliation for last month done
CELL-36,2026-05-27,"Bidder-B endpoint returning 5xx since 7:00, bid responses down"
CELL-36,2026-05-26,New ops dashboard link shared in channel
CELL-36,2026-05-30,Weekly sync moved to 4pm
CELL-36,2026-06-03,Invoice reconciliation for last month done
CELL-36,2026-06-05,"Bidder-F timeout spike cleared, no impact on fill"
CELL-36,2026-06-09,"Bidder-G bid rate looks a bit low, keeping an eye on it"
CELL-36,2026-06-13,New ops dashboard link shared in channel
CELL-36,2026-06-27,New ops dashboard link shared in channel
CELL-36,2026-06-30,"Deploy v2.32 rolled out, no change in bid flow"
CELL-36,2026-07-03,"Bidder-G paused by their side, timeouts across our placements"
CELL-36,2026-07-07,"Bidder-B latency alert auto-resolved in 5 min, no impact"
CELL-36,2026-07-08,Invoice reconciliation for last month done
CELL-36,2026-07-13,"Bidder-C bid rate looks a bit low, keeping an eye on it"
CELL-36,2026-07-24,"Deploy v2.29 rolled out, no change in bid flow"
CELL-36,2026-07-27,"Deploy v2.51 rolled out, no change in bid flow"
CELL-36,2026-07-27,Invoice reconciliation for last month done
CELL-36,2026-08-03,Weekly sync moved to 4pm
CELL-36,2026-09-02,Weekly sync moved to 4pm
CELL-36,2026-09-17,"Reporting pipeline delayed, impression counts for yesterday look short"
CELL-36,2026-09-18,Invoice reconciliation for last month done
CELL-36,2026-09-19,"Seeing timeouts on Bidder-E, monitoring"
CELL-36,2026-09-20,"Bidder-G timeout spike cleared, no impact on fill"
CELL-36,2026-09-27,New ops dashboard link shared in channel
CELL-37,2026-04-16,Reminder: update sprint tickets
CELL-37,2026-04-20,Reminder: update sprint tickets
CELL-37,2026-04-22,New ops dashboard link shared in channel
CELL-37,2026-04-27,"Bidder-A timeout spike cleared, no impact on fill"
CELL-37,2026-05-07,"Bidder-F bid rate looks a bit low, keeping an eye on it"
CELL-37,2026-05-07,Invoice reconciliation for last month done
CELL-37,2026-05-10,"Seeing timeouts on Bidder-C, monitoring"
CELL-37,2026-05-14,Weekly sync moved to 4pm
CELL-37,2026-05-17,Invoice reconciliation for last month done
CELL-37,2026-05-18,"Bidder-C timeout spike cleared, no impact on fill"
CELL-37,2026-05-22,"Bidder-E timeout spike cleared, no impact on fill"
CELL-37,2026-05-25,Weekly sync moved to 4pm
CELL-37,2026-05-28,"Deploy v2.29 rolled out, no change in bid flow"
CELL-37,2026-06-05,"Demand partner Bidder-G not bidding today, support ticket open"
CELL-37,2026-06-04,Weekly sync moved to 4pm
CELL-37,2026-06-06,Weekly sync moved to 4pm
CELL-37,2026-06-07,Invoice reconciliation for last month done
CELL-37,2026-06-09,"Bidder-D latency alert auto-resolved in 5 min, no impact"
CELL-37,2026-06-09,Invoice reconciliation for last month done
CELL-37,2026-06-16,"Bidder-F latency alert auto-resolved in 5 min, no impact"
CELL-37,2026-06-18,Invoice reconciliation for last month done
CELL-37,2026-06-27,"Seeing timeouts on Bidder-B, monitoring"
CELL-37,2026-06-30,New ops dashboard link shared in channel
CELL-37,2026-07-11,Invoice reconciliation for last month done
CELL-37,2026-07-18,Reminder: update sprint tickets
CELL-37,2026-07-25,Reminder: update sprint tickets
CELL-37,2026-07-28,Weekly sync moved to 4pm
CELL-37,2026-08-06,Weekly sync moved to 4pm
CELL-37,2026-08-09,New ops dashboard link shared in channel
CELL-37,2026-08-10,"Bidder-D timeout spike cleared, no impact on fill"
CELL-37,2026-08-13,Weekly sync moved to 4pm
CELL-37,2026-08-14,New ops dashboard link shared in channel
CELL-37,2026-08-15,"Bidder-C timeout spike cleared, no impact on fill"
CELL-37,2026-08-22,Reminder: update sprint tickets
CELL-37,2026-09-02,"Bidder-E timeout spike cleared, no impact on fill"
CELL-37,2026-09-12,Reminder: update sprint tickets
CELL-37,2026-09-22,Weekly sync moved to 4pm
CELL-37,2026-09-25,New ops dashboard link shared in channel
CELL-38,2026-06-04,Bidder-H changed their bidding strategy last night
CELL-38,2026-06-18,"New buyer onboarded on Bidder-A, seats ramping"
CELL-38,2026-04-02,"Bidder-F latency alert auto-resolved in 5 min, no impact"
CELL-38,2026-04-03,Reminder: update sprint tickets
CELL-38,2026-04-05,New ops dashboard link shared in channel
CELL-38,2026-04-09,"Big cricket final traffic expected tomorrow, buyers ramping spend"
CELL-38,2026-04-12,New ops dashboard link shared in channel
CELL-38,2026-04-23,"Bidder-E latency alert auto-resolved in 5 min, no impact"
CELL-38,2026-05-14,"Bidder-G endpoint returning 5xx since 3:00, bid responses down"
CELL-38,2026-05-18,New ops dashboard link shared in channel
CELL-38,2026-05-27,Reminder: update sprint tickets
CELL-38,2026-05-29,Reminder: update sprint tickets
CELL-38,2026-06-08,New ops dashboard link shared in channel
CELL-38,2026-06-16,"Bidder-G endpoint returning 5xx since 4:00, bid responses down"
CELL-38,2026-06-19,Invoice reconciliation for last month done
CELL-38,2026-06-23,"Bidder-H bid rate looks a bit low, keeping an eye on it"
CELL-38,2026-06-27,"Bidder-G bid rate looks a bit low, keeping an eye on it"
CELL-38,2026-06-29,"Deploy v2.23 rolled out, no change in bid flow"
CELL-38,2026-07-10,Reminder: update sprint tickets
CELL-38,2026-07-15,"Bidder-A timeout spike cleared, no impact on fill"
CELL-38,2026-07-15,Invoice reconciliation for last month done
CELL-38,2026-07-20,"Bidder-C latency alert auto-resolved in 5 min, no impact"
CELL-38,2026-07-27,New ops dashboard link shared in channel
CELL-38,2026-08-05,"Reporting pipeline delayed, impression counts for yesterday look short"
CELL-38,2026-08-06,"Bidder-C latency alert auto-resolved in 5 min, no impact"
CELL-38,2026-08-07,"Seeing timeouts on Bidder-F, monitoring"
CELL-38,2026-08-20,Reminder: update sprint tickets
CELL-38,2026-08-28,"ClickHouse ingestion lag, today numbers incomplete, backfill pending"
CELL-38,2026-08-29,New ops dashboard link shared in channel
CELL-38,2026-09-06,"Bidder-H latency alert auto-resolved in 5 min, no impact"
CELL-38,2026-09-09,Reminder: update sprint tickets
CELL-38,2026-09-22,"Bidder-A timeout spike cleared, no impact on fill"
CELL-38,2026-09-27,New ops dashboard link shared in channel
CELL-39,2026-08-05,"New buyer onboarded on Bidder-C, seats ramping"
CELL-39,2026-04-09,Invoice reconciliation for last month done
CELL-39,2026-04-17,"Deploy v2.44 rolled out, no change in bid flow"
CELL-39,2026-04-23,New ops dashboard link shared in channel
CELL-39,2026-05-02,New ops dashboard link shared in channel
CELL-39,2026-05-03,"Deploy v2.11 rolled out, no change in bid flow"
CELL-39,2026-05-07,New ops dashboard link shared in channel
CELL-39,2026-05-12,New ops dashboard link shared in channel
CELL-39,2026-05-15,New ops dashboard link shared in channel
CELL-39,2026-05-22,Weekly sync moved to 4pm
CELL-39,2026-05-28,Reminder: update sprint tickets
CELL-39,2026-06-01,"Bidder-G latency alert auto-resolved in 5 min, no impact"
CELL-39,2026-06-03,New ops dashboard link shared in channel
CELL-39,2026-06-16,Invoice reconciliation for last month done
CELL-39,2026-06-27,"Seeing timeouts on Bidder-C, monitoring"
CELL-39,2026-07-30,"Bidder-C endpoint returning 5xx since 9:00, bid responses down"
CELL-39,2026-07-31,"Bidder-D bid rate looks a bit low, keeping an eye on it"
CELL-39,2026-08-15,Invoice reconciliation for last month done
CELL-39,2026-08-18,"Deploy v2.40 rolled out, no change in bid flow"
CELL-39,2026-08-22,"Bidder-E latency alert auto-resolved in 5 min, no impact"
CELL-39,2026-08-26,New ops dashboard link shared in channel
CELL-39,2026-08-27,"Bidder-C latency alert auto-resolved in 5 min, no impact"
CELL-39,2026-08-28,"Bidder-A paused by their side, timeouts across our placements"
CELL-39,2026-09-01,New ops dashboard link shared in channel
CELL-39,2026-09-14,New ops dashboard link shared in channel
CELL-39,2026-09-21,"Big festive sale traffic expected tomorrow, buyers ramping spend"
CELL-39,2026-09-25,"Seeing timeouts on Bidder-G, monitoring"
