zfull,rz,thinV,nc_scale,capture,refuse
2,2.5,1500,0.5,0.9712120046171571,0.15083333333333335
3,3.5,1500,1.0,0.9711363538121742,0.1025
3,2.5,1500,1.0,0.9710122107396479,0.1175
2,2.5,3000,0.5,0.9701550176197592,0.24666666666666667
3,3.5,3000,1.0,0.9700195858589534,0.2025
2,3.5,1500,0.5,0.9699760864087491,0.12166666666666667
3,2.5,3000,1.0,0.969895507883578,0.215
2,3.5,3000,0.5,0.9689072288065425,0.22166666666666668
4,2.5,1500,1.0,0.9687740221982691,0.1225
4,3.5,1500,1.0,0.9682641024469952,0.105
4,2.5,3000,1.0,0.9676759065879825,0.22
4,3.5,3000,1.0,0.967160054563949,0.205
2,2.5,1500,1.0,0.9670646457652773,0.13333333333333333
3,2.5,1500,0.5,0.9662198031826273,0.12
2,2.5,3000,1.0,0.9659815166217898,0.23083333333333333
2,3.5,1500,1.0,0.9657511504389293,0.11833333333333333
3,2.5,3000,0.5,0.9651564762365238,0.21666666666666667
2,3.5,3000,1.0,0.9646812039413377,0.21833333333333332
3,3.5,1500,0.5,0.9641244743072963,0.10666666666666667
4,2.5,1500,0.5,0.9639934552121971,0.1225
4,3.5,1500,0.5,0.9638147188586602,0.10916666666666666
3,3.5,3000,0.5,0.9630469331992701,0.20666666666666667
4,2.5,3000,0.5,0.9629499973648018,0.22
4,3.5,3000,0.5,0.9627749828606883,0.20833333333333334
1,2.5,1500,1.0,0.9613884793805089,0.13333333333333333
1,3.5,1500,1.0,0.9610068979735801,0.115
1,2.5,3000,1.0,0.9603595692838343,0.2325
1,3.5,3000,1.0,0.9599794120987265,0.2125
1,3.5,1500,0.5,0.9582484760130181,0.13833333333333334
1,2.5,1500,0.5,0.9580917553535971,0.14
1,3.5,3000,0.5,0.957172864511083,0.23833333333333334
1,2.5,3000,0.5,0.9570144728785195,0.2375
